{"cameraMode":{"drawMode":0,"name":"Shaded","section":"Shading Mode"},"sceneLighting":true,"audioPlay":false,"sceneViewState":{"m_AlwaysRefresh":false,"showFog":true,"showSkybox":true,"showFlares":true,"showImageEffects":true,"showParticleSystems":true,"showVisualEffectGraphs":true,"m_FxEnabled":true},"in2DMode":false,"pivot":{"x":-4.174498558044434,"y":1.7208836078643799,"z":-2.8436288833618166},"rotation":{"x":-0.024727165699005128,"y":-0.8878092765808106,"z":0.04798001050949097,"w":-0.4571828842163086},"size":6.050970554351807,"orthographic":false}